CREATE TABLE NF1_TABLE(
REGNO VARCHAR(20), 
NAME VARCHAR(20),
DOB DATE,
PHONE NUMBER(20),
GENDER VARCHAR(10),
CID VARCHAR(20),
CNAME VARCHAR(20),
INS_ID VARCHAR (10),
INS_NAME VARCHAR(50),
INS_OFFICE VARCHAR(20)
);

INSERT INTO NF1_TABLE(REGNO,NAME,DOB,PHONE,GENDER,CID,CNAME,INS_ID,INS_NAME,INS_OFFICE)
VALUES('14M01','Kenny','12-Jan-1996',12345,'M','C1','DBMS','I1','Quasi Tech','G123');

INSERT INTO NF1_TABLE(REGNO,NAME,DOB,PHONE,GENDER,CID,CNAME,INS_ID,INS_NAME,INS_OFFICE)
VALUES('14M05','Mary','10-Jun-1995',12367,'F','C1','DBMS','I1','Quasi Tech','G123');

INSERT INTO NF1_TABLE(REGNO,NAME,DOB,PHONE,GENDER,CID,CNAME,INS_ID,INS_NAME,INS_OFFICE)
VALUES('14M07','Ralph','10-Jul-1996',12898,'M','C1','DBMS','I2','Valeo Tech','G127');

INSERT INTO NF1_TABLE(REGNO,NAME,DOB,PHONE,GENDER,CID,CNAME,INS_ID,INS_NAME,INS_OFFICE)
VALUES('14M01','Kenny','12-Jan-1996',12345,'M','C3','DS','I5','FXC Tech','G125');

INSERT INTO NF1_TABLE(REGNO,NAME,DOB,PHONE,GENDER,CID,CNAME,INS_ID,INS_NAME,INS_OFFICE)
VALUES('14B01','Rachel','10-Apr-1995',23456,'F','C3','DS','I5','FXC Tech','G125');

INSERT INTO NF1_TABLE(REGNO,NAME,DOB,PHONE,GENDER,CID,CNAME,INS_ID,INS_NAME,INS_OFFICE)
VALUES('14M09','Steve','23-Oct-1995',34567,'M','C4','OS','I5','FXC Tech','G125');

--UPDATE NF1_TABLE SET NAME = 'Steve' where REGNO = '14M09'; 

INSERT INTO NF1_TABLE(REGNO,NAME,DOB,PHONE,GENDER,CID,CNAME,INS_ID,INS_NAME,INS_OFFICE)
VALUES('14B03','Warner','20-Jul-1996',23456,'M','C4','OS','I5','FXC Tech','G125');

SELECT * FROM NF1_TABLE;

--ALTER SESSION SET NLS_DATE_FORMAT = 'DD-MON-YYYY';

CREATE TABLE NF2_TABLE_STUDENT_DETAILS(
REGNO VARCHAR(15) PRIMARY KEY,
NAME VARCHAR(20),
DOB DATE,
PHONE NUMBER(20),
GENDER VARCHAR(5)
);

INSERT INTO NF2_TABLE_STUDENT_DETAILS(REGNO,NAME,DOB,PHONE,GENDER)
VALUES('14M01','Kenny','12-Jan-1996',12345,'M');

INSERT INTO NF2_TABLE_STUDENT_DETAILS(REGNO,NAME,DOB,PHONE,GENDER)
VALUES('14M05','Mary','10-Jun-1995',12367,'F');

INSERT INTO NF2_TABLE_STUDENT_DETAILS(REGNO,NAME,DOB,PHONE,GENDER)
VALUES('14M07','Ralph','10-Jul-1996',12898,'M');

INSERT INTO NF2_TABLE_STUDENT_DETAILS(REGNO,NAME,DOB,PHONE,GENDER)
VALUES('14B01','Rachel','10-Apr-1995',23456,'F');

INSERT INTO NF2_TABLE_STUDENT_DETAILS(REGNO,NAME,DOB,PHONE,GENDER)
VALUES('14M09','Steve','23-Oct-1995',34567,'M');

INSERT INTO NF2_TABLE_STUDENT_DETAILS(REGNO,NAME,DOB,PHONE,GENDER)
VALUES('14B03','Warner','20-Jul-1996',23456,'M');

RENAME NF2_TABLE_STUDENT_DETAILS TO STUDENT_DETAILS;

SELECT * FROM STUDENT_DETAILS;

CREATE TABLE COURSE_DETAILS(
CID VARCHAR(10),
CNAME VARCHAR(20)
);

INSERT INTO COURSE_DETAILS(CID,CNAME)
VALUES('C1','DBMS');

INSERT INTO COURSE_DETAILS(CID,CNAME)
VALUES('C3','DS');

INSERT INTO COURSE_DETAILS(CID,CNAME)
VALUES('C4','OS');

SELECT * FROM COURSE_DETAILS;

CREATE TABLE INSTITUTION_DETAILS(
INS_ID VARCHAR(10),
INS_NAME VARCHAR(30),
INS_OFFICE VARCHAR(15)
);

INSERT INTO INSTITUTION_DETAILS(INS_ID,INS_NAME,INS_OFFICE)
VALUES('I1','Quasi Tech','G123');

INSERT INTO INSTITUTION_DETAILS(INS_ID,INS_NAME,INS_OFFICE)
VALUES('I2','Valeo Tech','G127');

INSERT INTO INSTITUTION_DETAILS(INS_ID,INS_NAME,INS_OFFICE)
VALUES('I5','FXC Tech','G125');

SELECT * FROM INSTITUTION_DETAILS;
